{"schemaVersion":"1.0","appDefinitionTemplate":{"id":"/providers/Microsoft.PowerApps/apps/","type":"Microsoft.PowerApps/apps","tags":{"primaryDeviceWidth":"1366","primaryDeviceHeight":"768","supportsPortrait":"true","supportsLandscape":"true","primaryFormFactor":"Tablet","publisherVersion":"3.22111.28","minimumRequiredApiVersion":"2.2.0","hasComponent":"false","hasUnlockedComponent":"false","isUnifiedRootApp":"false","sienaVersion":"20221209T145711Z-3.22111.28.0"},"properties":{"appVersion":"2022-12-09T14:57:11Z","lifeCycleId":"Published","createdByClientVersion":{"major":3,"minor":22111,"build":28,"revision":0,"majorRevision":0,"minorRevision":0},"minClientVersion":{"major":3,"minor":22111,"build":28,"revision":0,"majorRevision":0,"minorRevision":0},"backgroundColor":"RGBA(0,176,240,1)","backgroundImageUri":"/5380936226360278568/Nb6211181-11ab-4186-95a5-947428853281-logoSmallFile","displayName":"Inventory Management System","description":"","commitMessage":"","appUris":{"documentUri":{"value":"/5380936226360278568/Nbeaf9c67-31fc-45db-8fe0-c8ff1e455d5e-document.msapp"},"imageUris":[],"additionalUris":[]},"createdTime":"0001-01-01T00:00:00Z","lastModifiedTime":"0001-01-01T00:00:00Z","sharedGroupsCount":0,"sharedUsersCount":0,"icons":{"smallIconUri":"/5380936226360278568/N57f6b635-3c52-44a7-bd3b-c9fc450a9790-small.png","mediumIconUri":"/5380936226360278568/N4b546495-271b-4539-8ca1-16acfe7adad1-medium.png","largeIconUri":"/5380936226360278568/N24a63c7a-6e7a-47c1-abdb-ac0adef53aa3-large.png","wideIconUri":"/5380936226360278568/Ncdc64b1f-8c3a-4bbe-8930-3d8716c3f481-wide.png"},"connectionReferences":{"8e8a5e9a-fd8f-436c-bdd4-eb9c5a511a2c":{"id":"22ba5821-3776-4e17-b80e-26c5dabeb020","displayName":"SharePoint","iconUri":"https://connectoricons-prod.azureedge.net/releases/v1.0.1610-greyhound-localization-RelayFix/1.0.1610.3091/sharepointonline/icon.png","dataSources":["UpdatePrice"],"dependencies":[],"dependents":[],"parameterHints":{},"parameterHintsV2":{},"isOnPremiseConnection":false,"bypassConsent":false,"dataSets":{"https://contosotraderslabs.sharepoint.com/sites/UpdatePrice":{"dataSources":{"UpdatePrice":{"tableName":"58e004a8-ba0e-4ec2-b14e-4b24990838ca"}}}},"apiTier":"Standard","isCustomApiConnection":false,"actions":["providers/PowerPlatform.Governance/Operations/Read"]},"2e1c775c-711a-4bc4-98d5-3476063e0016":{"id":"22ba5821-3776-4e17-b80e-26c5dabeb020","displayName":"SharePoint","iconUri":"https://connectoricons-prod.azureedge.net/releases/v1.0.1610-greyhound-localization-RelayFix/1.0.1610.3091/sharepointonline/icon.png","dataSources":["AdminList"],"dependencies":[],"dependents":[],"parameterHints":{},"parameterHintsV2":{},"isOnPremiseConnection":false,"bypassConsent":false,"dataSets":{"https://contosotraderslabs.sharepoint.com/sites/AdminPage":{"dataSources":{"AdminList":{"tableName":"e220a08a-5a67-4b7d-a28a-6e010415ea5e"}}}},"apiTier":"Standard","isCustomApiConnection":false,"actions":["providers/PowerPlatform.Governance/Operations/Read"]},"bb47e421-1530-4b9a-abf3-be40449be64b":{"id":"22ba5821-3776-4e17-b80e-26c5dabeb020","displayName":"SharePoint","iconUri":"https://connectoricons-prod.azureedge.net/releases/v1.0.1610-greyhound-localization-RelayFix/1.0.1610.3091/sharepointonline/icon.png","dataSources":["InventoryUpdateUsers"],"dependencies":[],"dependents":[],"parameterHints":{},"parameterHintsV2":{},"isOnPremiseConnection":false,"bypassConsent":false,"dataSets":{"https://contosotraderslabs.sharepoint.com/sites/Users":{"dataSources":{"InventoryUpdateUsers":{"tableName":"ccc52297-3fed-45ea-8ba4-4bf90b23d93a"}}}},"apiTier":"Standard","isCustomApiConnection":false,"actions":["providers/PowerPlatform.Governance/Operations/Read"]},"aa1f371a-0fdb-4498-89ea-7151e1c7de7f":{"id":"22ba5821-3776-4e17-b80e-26c5dabeb020","displayName":"SharePoint","iconUri":"https://connectoricons-prod.azureedge.net/releases/v1.0.1610-greyhound-localization-RelayFix/1.0.1610.3091/sharepointonline/icon.png","dataSources":["AdminPage"],"dependencies":[],"dependents":[],"parameterHints":{},"parameterHintsV2":{},"isOnPremiseConnection":false,"bypassConsent":false,"dataSets":{"https://contosotraderslabs.sharepoint.com/sites/UpdatePrice":{"dataSources":{"AdminPage":{"tableName":"b3504cb2-b1b9-4d4a-8865-187985c35385"}}}},"apiTier":"Standard","isCustomApiConnection":false,"actions":["providers/PowerPlatform.Governance/Operations/Read"]},"846ae633-2f55-4dd1-9e5d-51d42d6fd040":{"id":"00da5267-cfb0-49e8-8470-3931114eac45","displayName":"SQL Server","iconUri":"https://connectoricons-prod.azureedge.net/u/juanq/release/1609-sql-greyhound/1.0.1609.3089/sql/icon.png","dataSources":["Products_1"],"dependencies":[],"dependents":["c83dd366-cae9-4685-b722-085828d9b4b9"],"parameterHints":{},"parameterHintsV2":{},"isOnPremiseConnection":false,"sharedConnectionId":"61857b88-7f53-41bb-a281-44d33d9f47b9","bypassConsent":false,"dataSets":{"contoso-traders-productsprod.database.windows.net,Productsdb":{"dataSources":{"Products_1":{"tableName":"[dbo].[Products]"}}}},"apiTier":"Premium","isCustomApiConnection":false,"authenticationType":"sqlAuthentication","actions":["providers/PowerPlatform.Governance/Operations/Read","providers/PowerPlatform.Governance/Operations/Write","providers/PowerPlatform.Governance/Operations/Delete"],"endpoints":["contoso-traders-productsprod.database.windows.net,Productsdb"]},"c83dd366-cae9-4685-b722-085828d9b4b9":{"id":"325c83e1-d519-448e-8d84-cd44476cb764","displayName":"Logic flows","iconUri":"https://connectoricons-prod.azureedge.net/releases/v1.0.1534/1.0.1534.2605/logicflows/icon.png","dataSources":["Adaptiveworkflow1"],"dependencies":["d7145ece-5e0b-4b84-bf77-e094732706d5","846ae633-2f55-4dd1-9e5d-51d42d6fd040"],"dependents":[],"parameterHints":{"workflowName":{"value":"71409e80-b4e5-46ff-83ca-c1dfeea6fbb3"},"workflowEntityId":{},"d7145ece-5e0b-4b84-bf77-e094732706d5":{"value":"shared_teams"},"846ae633-2f55-4dd1-9e5d-51d42d6fd040":{"value":"shared_sql"}},"parameterHintsV2":{"workflowName":{"value":"71409e80-b4e5-46ff-83ca-c1dfeea6fbb3"},"workflowEntityId":{},"shared_teams":{"value":"d7145ece-5e0b-4b84-bf77-e094732706d5"},"shared_sql":{"value":"846ae633-2f55-4dd1-9e5d-51d42d6fd040"}},"isOnPremiseConnection":false,"bypassConsent":false,"dataSets":{},"apiTier":"Standard","isCustomApiConnection":false,"actions":["Run"],"nestedActions":[{"id":"/providers/Microsoft.PowerApps/apis/shared_teams/apiOperations/PostMessageToConversation","apiName":"Microsoft Teams","actionName":"PostMessageToConversation","referencedResources":[{"key":"groupId","value":"ca0d4d8e-e864-4a68-a3b0-53224d53484c"},{"key":"channelId","value":"19:842ad40d10824cb8811503b451c665c4@thread.tacv2"}]},{"id":"/providers/Microsoft.PowerApps/apis/shared_sql/apiOperations/ExecutePassThroughNativeQuery_V2","apiName":"SQL Server","actionName":"ExecutePassThroughNativeQuery_V2","referencedResources":[]}]},"d7145ece-5e0b-4b84-bf77-e094732706d5":{"id":"ed9f3778-30bf-4ecc-a818-9a005013f6da","displayName":"Microsoft Teams","iconUri":"https://connectoricons-prod.azureedge.net/releases/v1.0.1610/1.0.1610.3093/teams/icon.png","dataSources":[],"dependencies":[],"dependents":["c83dd366-cae9-4685-b722-085828d9b4b9"],"parameterHints":{},"parameterHintsV2":{},"isOnPremiseConnection":false,"bypassConsent":false,"dataSets":{},"apiTier":"Standard","isCustomApiConnection":false}},"databaseReferences":{},"almMode":"Environment","performanceOptimizationEnabled":true,"canConsumeAppPass":true,"enableModernRuntimeMode":false,"executionRestrictions":{"isTeamsOnly":false,"dataLossPreventionEvaluationResult":{"status":"Compliant","lastEvaluationDate":"2022-12-09T14:57:31.3884391Z","violations":[],"violationsByPolicy":[],"violationErrorMessage":"The app uses the following connectors: shared_sharepointonline, shared_sql, shared_logicflows, shared_teams."},"httpActionRestriction":{"appUsesSharepointHttpAction":false,"enforcementStrategy":"Legacy","evaluationTime":"2022-12-09T14:57:31.3883314Z"}}},"appType":"ClassicCanvasApp","appComponents":[]}}