{"name":"f694e03a-0a72-4e8a-9b0b-767c052f3784","id":"/providers/Microsoft.Flow/flows/f694e03a-0a72-4e8a-9b0b-767c052f3784","type":"Microsoft.Flow/flows","properties":{"apiId":"/providers/Microsoft.PowerApps/apis/shared_logicflows","displayName":"Adaptiveworkflow1","definition":{"metadata":{"workflowEntityId":null,"processAdvisorMetadata":null,"flowclientsuspensionreason":"None","flowclientsuspensiontime":null,"flowclientsuspensionreasondetails":null,"creator":{"id":"e13d7b09-26a8-4ad2-ac09-e0e6ccd154ae","type":"User","tenantId":"08b2a7bc-d241-4500-a789-a1f56bb0cfd9"},"provisioningMethod":"FromDefinition","failureAlertSubscription":true,"clientLastModifiedTime":"2022-12-09T14:56:12.3990138Z"},"$schema":"https://schema.management.azure.com/providers/Microsoft.Logic/schemas/2016-06-01/workflowdefinition.json#","contentVersion":"1.0.0.0","parameters":{"$connections":{"defaultValue":{},"type":"Object"},"$authentication":{"defaultValue":{},"type":"SecureObject"}},"triggers":{"manual":{"metadata":{"operationMetadataId":"d6515f5a-8486-473a-bd41-f10bb602dbd4"},"type":"Request","kind":"PowerApp","inputs":{"schema":{"type":"object","properties":{"Initializevariable_Value":{"type":"string","description":"Enter initial value","x-ms-powerflows-param-ispartial":false},"Initializevariable3_Value":{"type":"string","description":"Enter initial value. This parameter is used as part of \"713305E0-108F-4953-885F-D79790E2D862\"","x-ms-powerflows-param-ispartial":true},"Initializevariable3_Value_1":{"type":"any"}},"required":["Initializevariable_Value","Initializevariable3_Value","Initializevariable3_Value_1"]}}}},"actions":{"Initialize_variable":{"runAfter":{},"metadata":{"operationMetadataId":"631b8e25-b60c-4c95-be1d-7b8df6f11ae1"},"type":"InitializeVariable","inputs":{"variables":[{"name":"SubmittedBy","type":"string","value":"@{triggerBody()['Initializevariable_Value']}"}]}},"Initialize_variable_2":{"runAfter":{"Initialize_variable":["Succeeded"]},"metadata":{"operationMetadataId":"47adecf6-dfae-4238-bfb6-eae77bd177a6"},"type":"InitializeVariable","inputs":{"variables":[{"name":"SubmittedOn","type":"string","value":"@{utcNow()}"}]}},"Initialize_variable_3":{"runAfter":{"Initialize_variable_2":["Succeeded"]},"metadata":{"operationMetadataId":"db293c84-35e2-40a6-a652-c92ca0ebe71a"},"type":"InitializeVariable","inputs":{"variables":[{"name":"Qry","type":"string","value":"Update dbo.products set price=@{triggerBody()['Initializevariable3_Value']} where id=@{triggerBody()['Initializevariable3_Value_1']}"}]}},"PostAdaptiveCardToChannelAndWaitforaresponse":{"runAfter":{"Initialize_variable_3":["Succeeded"]},"metadata":{"operationMetadataId":"a5f5ee3c-a242-4460-b778-3c34638eaeec"},"type":"OpenApiConnectionWebhook","inputs":{"host":{"apiId":"/providers/Microsoft.PowerApps/apis/shared_teams","connectionName":"shared_teams","operationId":"PostCardAndWaitForResponse"},"parameters":{"poster":"Flow bot","location":"Channel","body/body/messageBody":"{\n\"type\": \"AdaptiveCard\",\n\t\"body\": [ {\n\t\t\"type\": \"Container\",\n\t\t\"style\": \"emphasis\",\n\t\t\"items\": [ {\n\t\t\t\"type\": \"ColumnSet\",\n\t\t\t\"columns\": [ {\n\t\t\t\t\"type\": \"Column\",\n\t\t\t\t\"items\": [ {\n\t\t\t\t\t\"type\": \"TextBlock\", \"size\": \"Large\", \"weight\": \"Bolder\", \"text\": \"**New Price Update Request**\"\n\t\t\t\t}\n\t\t\t\t],\n\t\t\t\t\"width\": \"stretch\"\n\t\t\t}\n\t\t\t,\n\t\t\t{\n\t\t\t\t\"type\": \"Column\",\n\t\t\t\t\"items\": [ {\n\t\t\t\t\t\"type\": \"Image\", \"url\": \"https://adaptivecards.io/content/pending.png\", \"altText\": \"Pending\", \"height\": \"30px\"\n\t\t\t\t}\n\t\t\t\t],\n\t\t\t\t\"width\": \"auto\"\n\t\t\t}\n\t\t\t]\n\t\t}\n\t\t],\n\t\t\"bleed\": true\n\t}\n\t,\n\t{\n\t\t\"type\": \"Container\",\n\t\t\"items\": [ {\n\t\t\t\"type\": \"ColumnSet\",\n\t\t\t\"columns\": [ {\n\t\t\t\t\"type\": \"Column\",\n\t\t\t\t\"items\": [ {\n\t\t\t\t\t\"type\": \"TextBlock\",\n\t\t\t\t\t\"size\": \"ExtraLarge\",\n\t\t\t\t\t\"text\": \"Inventory Management App\",\n\t\t\t\t\t\"wrap\": true\n\t\t\t\t}\n\t\t\t\t],\n\t\t\t\t\"width\": \"stretch\"\n\t\t\t}\n\t\t\t,\n\t\t\t{\n\t\t\t\t\"type\": \"Column\",\n\t\t\t\t\"items\": [ {\n\t\t\t\t\t\"type\": \"ActionSet\",\n\t\t\t\t\t\"actions\": [ {\n\t\t\t\t\t\t\"type\": \"Action.OpenUrl\",\n\t\t\t\t\t\t\"title\": \"View Item\",\n\t\t\t\t\t\t\"url\": \"https://contosotraderslabs.sharepoint.com/sites/UpdatePrice/Lists/UpdatePrice/AllItems.aspx\"\n\t\t\t\t\t}\n\t\t\t\t\t]\n\t\t\t\t}\n\t\t\t\t],\n\t\t\t\t\"width\": \"auto\"\n\t\t\t}\n\t\t\t]\n\t\t}\n\t\t,\n\t\t{\n\t\t\t\"type\": \"FactSet\",\n\t\t\t\"spacing\": \"Large\",\n\t\t\t\"facts\": [ {\n\t\t\t\t\"title\": \"Submitted By\",\n\t\t\t\t\"value\": \"**@{variables('SubmittedBy')}**\"\n\t\t\t}\n\t\t\t\t\t\t,\n\t\t\t{\n\t\t\t\t\"title\": \"Submitted On\",\n\t\t\t\t\"value\": \"@{variables('SubmittedOn')}\"\n\t\t\t}\n\t\t\t,\n\t\t\t{\n\t\t\t\t\"title\": \"Description\",\n\t\t\t\t\"value\": \"Product Price Update\"\n\t\t\t}\n\t\t\t\t\t\t]\n\t\t}\n\t\t]\n\t}\n\t,\n\t{\n\t\t\"type\": \"Container\",\n\t\t\"items\": [ {\n\t\t\t\"type\": \"ActionSet\",\n\t\t\t\"actions\": [ {\n\t\t\t\t\"type\": \"Action.Submit\",\n\t\t\t\t\"title\": \"Approve\",\n\t\t\t\t\"style\": \"positive\",\n\t\t\t\t\"data\": {\n\t\t\t\t\t\"id\": \"_qkQW8dJlUeLVi7ZMEzYVw\", \"action\": \"approve\"\n\t\t\t\t}\n\t\t\t}\n           \n\t\t\t,\n\t\t\t{\n\t\t\t\t\"type\": \"Action.ShowCard\",\n\t\t\t\t\"title\": \"Reject\",\n\t\t\t\t\"style\": \"destructive\",\n\t\t\t\t\"card\": {\n\t\t\t\t\t\"type\": \"AdaptiveCard\",\n\t\t\t\t\t\"body\": [ {\n\t\t\t\t\t\t\"type\": \"Input.Text\", \"id\": \"RejectCommentID\", \"placeholder\": \"Please specify an appropriate reason for rejection.\", \"isMultiline\": true\n\t\t\t\t\t}\n\t\t\t\t\t],\n\t\t\t\t\t\"actions\": [ {\n\t\t\t\t\t\t\"type\": \"Action.Submit\",\n\t\t\t\t\t\t\"title\": \"Send\",\n\t\t\t\t\t\t\"data\": {\n\t\t\t\t\t\t\t\"id\": \"_qkQW8dJlUeLVi7ZMEzYVw\", \"action\": \"reject\"\n\t\t\t\t\t\t}\n\t\t\t\t\t}\n\t\t\t\t\t],\n\t\t\t\t\t\"$schema\": \"http://adaptivecards.io/schemas/adaptive-card.json\"\n\t\t\t\t}\n\t\t\t}\n\t\t\t]\n\t\t}\n\t\t]\n\t}\n\t],\n\t\"$schema\": \"http://adaptivecards.io/schemas/adaptive-card.json\",\n\t\"version\": \"1.2\",\n\t\"fallbackText\": \"This card requires Adaptive Cards v1.2 support to be rendered properly.\"\n}","body/body/updateMessage":"Thanks for your response!","body/body/recipient/groupId":"ca0d4d8e-e864-4a68-a3b0-53224d53484c","body/body/recipient/channelId":"19:842ad40d10824cb8811503b451c665c4@thread.tacv2"},"authentication":{"value":"@json(decodeBase64(triggerOutputs().headers['X-MS-APIM-Tokens']))['$ConnectionKey']","type":"Raw"}}},"Condition":{"actions":{"Post_message_in_a_chat_or_channel":{"runAfter":{},"metadata":{"operationMetadataId":"29611e46-005c-47e8-a45c-f501e7a68344"},"type":"OpenApiConnection","inputs":{"host":{"apiId":"/providers/Microsoft.PowerApps/apis/shared_teams","connectionName":"shared_teams","operationId":"PostMessageToConversation"},"parameters":{"poster":"User","location":"Channel","body/recipient/groupId":"ca0d4d8e-e864-4a68-a3b0-53224d53484c","body/recipient/channelId":"19:842ad40d10824cb8811503b451c665c4@thread.tacv2","body/messageBody":"<p><span style=\"font-size: 16px\"><strong>Approved</strong></span></p>"},"authentication":{"value":"@json(decodeBase64(triggerOutputs().headers['X-MS-APIM-Tokens']))['$ConnectionKey']","type":"Raw"}}},"Execute_a_SQL_query_(V2)":{"runAfter":{"Post_message_in_a_chat_or_channel":["Succeeded"]},"metadata":{"operationMetadataId":"61c112aa-40d2-4e47-a509-d6d0031a9ae4"},"type":"OpenApiConnection","inputs":{"host":{"apiId":"/providers/Microsoft.PowerApps/apis/shared_sql","connectionName":"shared_sql","operationId":"ExecutePassThroughNativeQuery_V2"},"parameters":{"server":"default","database":"default","query/query":"@variables('Qry')"},"authentication":{"value":"@json(decodeBase64(triggerOutputs().headers['X-MS-APIM-Tokens']))['$ConnectionKey']","type":"Raw"}}},"Post_message_in_a_chat_or_channel_3":{"runAfter":{"Execute_a_SQL_query_(V2)":["Succeeded"]},"metadata":{"operationMetadataId":"b5d7cb0d-a173-42f0-a9fb-d1d8230b51ac"},"type":"OpenApiConnection","inputs":{"host":{"apiId":"/providers/Microsoft.PowerApps/apis/shared_teams","connectionName":"shared_teams","operationId":"PostMessageToConversation"},"parameters":{"poster":"Flow bot","location":"Channel","body/recipient/groupId":"ca0d4d8e-e864-4a68-a3b0-53224d53484c","body/recipient/channelId":"19:842ad40d10824cb8811503b451c665c4@thread.tacv2","body/messageBody":"<p><span style=\"font-size: 16px\"><strong>Price Updated</strong></span></p>"},"authentication":{"value":"@json(decodeBase64(triggerOutputs().headers['X-MS-APIM-Tokens']))['$ConnectionKey']","type":"Raw"}}}},"runAfter":{"PostAdaptiveCardToChannelAndWaitforaresponse":["Succeeded"]},"else":{"actions":{"Post_message_in_a_chat_or_channel_2":{"runAfter":{},"metadata":{"operationMetadataId":"bba6f697-ec57-4484-83e4-a1ff26c75cb5"},"type":"OpenApiConnection","inputs":{"host":{"apiId":"/providers/Microsoft.PowerApps/apis/shared_teams","connectionName":"shared_teams","operationId":"PostMessageToConversation"},"parameters":{"poster":"User","location":"Channel","body/recipient/groupId":"ca0d4d8e-e864-4a68-a3b0-53224d53484c","body/recipient/channelId":"19:842ad40d10824cb8811503b451c665c4@thread.tacv2","body/messageBody":"<p><span style=\"font-size: 16px\"><strong>Rejected</strong></span></p>"},"authentication":{"value":"@json(decodeBase64(triggerOutputs().headers['X-MS-APIM-Tokens']))['$ConnectionKey']","type":"Raw"}}}}},"expression":{"equals":["@body('PostAdaptiveCardToChannelAndWaitforaresponse')['submitActionId']","Approve"]},"metadata":{"operationMetadataId":"58e0defa-7e08-48d9-badd-dd14743e3a32"},"type":"If"}}},"connectionReferences":{"shared_teams":{"connectionName":"834430abba2c4ad19cfd1163f7e3d4a9","source":"Invoker","id":"/providers/Microsoft.PowerApps/apis/shared_teams","tier":"NotSpecified"},"shared_sql":{"connectionName":"ad3795dc27574c838bf7e1e8fac3b336","source":"Invoker","id":"/providers/Microsoft.PowerApps/apis/shared_sql","tier":"NotSpecified"}},"flowFailureAlertSubscribed":false,"isManaged":false}}